id,people_in,people_out,created_at
719783c8-35e1-483c-a30e-702facafdadc,49,99,2021-10-29 09:37:05.744902
1eb1d0d2-1721-4be4-8e78-2e5091650ddf,49,99,2021-10-29 09:37:07.110876
7721193a-5ad0-4026-917c-5bcfbf127b2c,85,171,2021-10-29 10:45:31.302595
d74241fd-1d7b-49fb-86b9-d9090e1b959e,85,171,2021-10-29 10:45:31.283557
352c5bd8-a868-4df3-907d-a2802d97a735,88,178,2021-10-29 11:45:31.957035
d78e8ff7-ec1e-4138-b280-9d67c37d4d6a,88,178,2021-10-29 11:45:32.153295
f503edb8-8c00-4325-b2bd-2839530ef262,121,242,2021-10-29 12:49:53.268034
913bb4b2-e791-4688-b2de-80fc021a67e4,121,242,2021-10-29 12:49:53.286750
3a1f390a-86ce-4bed-b124-0efef34a68ce,151,302,2021-10-29 13:49:53.320681
72382443-74b5-4f85-b852-b21e2d1ecf44,151,302,2021-10-29 13:49:53.765232
3f07c237-8784-4162-b279-333119cc4cb7,159,319,2021-10-29 15:03:42.070142
a9637503-5041-4260-8272-a964f2d99f43,159,319,2021-10-29 15:03:42.075652
58f5df4c-b630-4816-9a65-04f8e237d5d5,159,319,2021-10-29 16:04:51.045431
8bfa692a-01d5-435a-b38e-63742bf723df,159,319,2021-10-29 16:04:51.049903
98d2282d-12d8-4605-ab46-9f1d2d96ee97,159,319,2021-10-29 19:00:43.017827
b4ecc3b1-60d1-44c3-8453-c46d277b8abd,159,319,2021-10-29 19:00:43.017405
ae880edd-d971-49f3-961d-587614a7883e,159,319,2021-10-29 20:49:49.313534
30f7004c-b132-4906-9d9d-b4a90c6982f0,159,319,2021-10-29 20:49:49.318863
5627b40d-094f-4c75-b702-6db3b4bfd709,159,319,2021-10-29 23:49:55.582444
6ac1cbe5-69fb-472a-a276-7dc68c60585c,159,319,2021-10-29 23:49:55.784919
